{
    "content": [
        {
            "key": "216049",
            "Title": "John Wick: Chapter 4",
            "Image Source": "https://imgpile.com/images/TPDrVl.jpg",
            "Category": "movies",
            "Genres": [
                "Action",
                "Thriller",
                "Crime"
            ],
            "Rating": "N/A",
            "TMDb ID": 603692
        },
        {
            "key": "212917",
            "Title": "Shazam! Fury of the Gods",
            "Image Source": "https://imgpile.com/images/hlGPgb.jpg",
            "Category": "movies",
            "Genres": [
                "Action",
                "Comedy",
                "Adventure"
            ],
            "Rating": "N/A",
            "TMDb ID": 594767
        },
        {
            "key": "213624",
            "Title": "Ant-Man and the Wasp: Quantumania",
            "Image Source": "https://i.imgur.com/FnQ0lKw.jpg",
            "Category": "movies",
            "Genres": [
                "Action",
                "Comedy",
                "Adventure"
            ],
            "Rating": "N/A",
            "TMDb ID": 640146
        },
        {
            "key": "208996",
            "Title": "Knock at the Cabin",
            "Image Source": "https://i.imgur.com/WudPRPN.jpg",
            "Category": "movies",
            "Genres": [
                "Thriller",
                "Horror",
                "Mystery"
            ],
            "Rating": "N/A",
            "TMDb ID": 631842
        },
        {
            "key": "215092",
            "Title": "Evil Dead Rise",
            "Image Source": "https://imgpile.com/images/TPDrVl.jpg",
            "Category": "movies",
            "Genres": [
                "Horror"
            ],
            "Rating": "N/A",
            "TMDb ID": 713704
        },
        {
            "key": "214694",
            "Title": "The Popes Exorcist",
            "Image Source": "https://i.imgur.com/3rcjIwb.jpg",
            "Category": "movies",
            "Genres": [
                "Thriller",
                "Horror"
            ],
            "Rating": "N/A",
            "TMDb ID": 758323
        },
        {
            "key": "214690",
            "Title": "Renfield",
            "Image Source": "https://i.imgur.com/an3HhhI.jpg",
            "Category": "movies",
            "Genres": [
                "Horror",
                "Comedy",
                "Fantasy"
            ],
            "Rating": "N/A",
            "TMDb ID": 649609
        },
        {
            "key": "214686",
            "Title": "Dungeons & Dragons: Honor Among Thieves",
            "Image Source": "https://i.imgur.com/eFYKEGl.jpg",
            "Category": "movies",
            "Genres": [
                "Action",
                "Fantasy",
                "Adventure"
            ],
            "Rating": "N/A",
            "TMDb ID": 493529
        }
    ]
}