{
    "movies": {
        "216062": {
            "Title": "Butch Cassidy and the Wild Bunch",
            "Image Source": "https://i.imgur.com/aj2xE7E.jpg",
            "Category": "movies",
            "Genres": [
                "Action",
                "Western"
            ],
            "Rating": "N/A",
            "TMDb ID": 1101574
        },
        "216049": {
            "Title": "John Wick: Chapter 4",
            "Image Source": "https://imgpile.com/images/TPDrVl.jpg",
            "Category": "movies",
            "Genres": [
                "Action",
                "Thriller",
                "Crime"
            ],
            "Rating": "N/A",
            "TMDb ID": 603692
        },
        "215961": {
            "Title": "The Weapon",
            "Image Source": "https://imgpile.com/images/TPDrVl.jpg",
            "Category": "movies",
            "Genres": [
                "Action",
                "Thriller"
            ],
            "Rating": "N/A",
            "TMDb ID": 1081620
        },
        "215941": {
            "Title": "Organ Trail",
            "Image Source": "https://imgpile.com/images/TPDrVl.jpg",
            "Category": "movies",
            "Genres": [
                "Horror",
                "Western"
            ],
            "Rating": "N/A",
            "TMDb ID": 950141
        },
        "215892": {
            "Title": "Asterix & Obelix: The Middle Kingdom",
            "Image Source": "https://imgpile.com/images/TPDrVl.jpg",
            "Category": "movies",
            "Genres": [
                "Comedy",
                "Family",
                "Adventure"
            ],
            "Rating": "N/A",
            "TMDb ID": 643215
        },
        "215888": {
            "Title": "Bayi Ajaib",
            "Image Source": "https://imgpile.com/images/TPDrVl.jpg",
            "Category": "movies",
            "Genres": [
                "Horror"
            ],
            "Rating": "N/A",
            "TMDb ID": 1041681
        },
        "215871": {
            "Title": "White Men Cant Jump",
            "Image Source": "https://imgpile.com/images/TPDrVl.jpg",
            "Category": "movies",
            "Genres": [
                "Drama",
                "Comedy",
                "Sport"
            ],
            "Rating": "N/A",
            "TMDb ID": 920125
        },
        "212917": {
            "Title": "Shazam! Fury of the Gods",
            "Image Source": "https://imgpile.com/images/hlGPgb.jpg",
            "Category": "movies",
            "Genres": [
                "Action",
                "Comedy",
                "Adventure"
            ],
            "Rating": "N/A",
            "TMDb ID": 594767
        },
        "215831": {
            "Title": "One Ranger",
            "Image Source": "https://imgpile.com/images/TPDrVl.jpg",
            "Category": "movies",
            "Genres": [
                "Action",
                "Thriller"
            ],
            "Rating": "N/A",
            "TMDb ID": 1093994
        }
    },
    "asian-series": {
        "108969": {
            "Title": "Master in the House",
            "Image Source": "https://i.imgur.com/dzEFc2N.jpg",
            "Category": "asian-series",
            "Genres": [
                "Reality-tv"
            ],
            "Rating": "6.4",
            "TMDb ID": 76033
        },
        "108639": {
            "Title": "Tale of the Nine Tailed",
            "Image Source": "https://imgpile.com/images/TKclXS.jpg",
            "Category": "asian-series",
            "Genres": [
                "Fantasy",
                "Romance"
            ],
            "Rating": "7.9",
            "TMDb ID": 108284
        }
    },
    "anime": {
        "213146": {
            "Title": "The Marginal Service",
            "Image Source": "https://imgpile.com/images/TPDrVl.jpg",
            "Category": "anime",
            "Genres": [],
            "Rating": "N/A",
            "TMDb ID": 214211
        },
        "212704": {
            "Title": "Skip to Loafer",
            "Image Source": "https://imgpile.com/images/hlfEtN.jpg",
            "Category": "anime",
            "Genres": [],
            "Rating": "N/A",
            "TMDb ID": 139130
        },
        "202631": {
            "Title": "Vinland Saga Season 2",
            "Image Source": "https://i.imgur.com/8px8auH.jpg",
            "Category": "anime",
            "Genres": [
                "Animation",
                "Action",
                "Adventure"
            ],
            "Rating": "8.73",
            "TMDb ID": 88803
        },
        "213115": {
            "Title": "Kanojo Ga Koushaku-Tei Ni Itta Riyuu",
            "Image Source": "https://imgpile.com/images/hlllng.jpg",
            "Category": "anime",
            "Genres": [],
            "Rating": "N/A",
            "TMDb ID": 205366
        }
    },
    "series": {
        "135270": {
            "Title": "Fear the Walking Dead",
            "Image Source": "https://imgpile.com/images/TKac1b.jpg",
            "Category": "series",
            "Genres": [
                "Drama",
                "Horror",
                "Sci-fi",
                "Thriller"
            ],
            "Rating": "6.8",
            "TMDb ID": 62286
        },
        "126426": {
            "Title": "Sweet Tooth",
            "Image Source": "https://imgpile.com/images/TK60J1.jpg",
            "Category": "series",
            "Genres": [
                "Action",
                "Adventure"
            ],
            "Rating": "7.8",
            "TMDb ID": 103768
        },
        "203883": {
            "Title": "How I Met Your Father",
            "Image Source": "https://i.imgur.com/x9wiHoX.jpg",
            "Category": "series",
            "Genres": [
                "Comedy",
                "Drama"
            ],
            "Rating": "5.5",
            "TMDb ID": 124010
        },
        "186051": {
            "Title": "Bob Hearts Abishola",
            "Image Source": "https://i.imgur.com/2DK4bQd.jpg",
            "Category": "series",
            "Genres": [
                "Comedy",
                "Romance"
            ],
            "Rating": "6.9",
            "TMDb ID": 92461
        },
        "186047": {
            "Title": "The Neighborhood",
            "Image Source": "https://i.imgur.com/7xFBjvE.jpg",
            "Category": "series",
            "Genres": [
                "Comedy"
            ],
            "Rating": "6.6",
            "TMDb ID": 81144
        },
        "150387": {
            "Title": "Prehistoric Planet",
            "Image Source": "https://imgpile.com/images/TM7c1j.jpg",
            "Category": "series",
            "Genres": [
                "Documentary",
                "History"
            ],
            "Rating": "8.5",
            "TMDb ID": 95171
        },
        "127350": {
            "Title": "Blindspotting",
            "Image Source": "https://imgpile.com/images/TK6Zu3.jpg",
            "Category": "series",
            "Genres": [
                "Comedy",
                "Crime",
                "Drama"
            ],
            "Rating": "6.5",
            "TMDb ID": 109373
        }
    },
    "arabic-series": {
        "4234": {
            "Title": "اللعبة الموسم الرابع : دوري الأبطال",
            "Image Source": "https://i.imgur.com/UDAJ9d3.jpg",
            "Category": "arabic-series"
        },
        "4211": {
            "Title": "العائلة الموسم الاول",
            "Image Source": "https://i.imgur.com/RV1tu8A.jpg",
            "Category": "arabic-series"
        },
        "3516": {
            "Title": "حيرة الموسم الاول",
            "Image Source": "https://imgpile.com/images/b83Huj.jpg",
            "Category": "arabic-series"
        },
        "3877": {
            "Title": "الثمن",
            "Image Source": "https://imgpile.com/images/hlsHvi.jpg",
            "Category": "arabic-series"
        },
        "4118": {
            "Title": "سكة سفر الموسم الثاني",
            "Image Source": "https://imgpile.com/images/TPDrVl.jpg",
            "Category": "arabic-series"
        },
        "4247": {
            "Title": "المستور ضحايا حلال",
            "Image Source": "https://imgpile.com/images/TPDrVl.jpg",
            "Category": "arabic-series"
        },
        "4210": {
            "Title": "ملح وسمرة",
            "Image Source": "https://i.imgur.com/MSzVUuf.jpg",
            "Category": "arabic-series"
        }
    },
    "arabic-movies": {}
}